Question,ResponseM,pid
2,protecting the elderly protecting children right to bare arms protecting workers right to free speech right to health care at reasonable costs,1890243c-fec2-eb11-a7ad-28187818aecc
2,"amnesty international freedom of opinions, press fair trials, transparency democracy fair trade children's rights",62e4e4eb-9bb9-eb11-a7ad-28187818aecc
2,liberté droit d'un individus droit familial   ,7b8260c7-9bb9-eb11-a7ad-28187818aecc
1,family nature canadian rights freedom financial,9e78e854-9bb9-eb11-a7ad-28187818aecc
2,liberté respecter les autres manger a sa faim avoir logis dignité protection des enfants,31d268bb-9bb9-eb11-a7ad-28187818aecc
2,égalité respect liberté famille s’exprimer etre écouter,25ae2752-eebe-eb11-a7ad-28187818aecc
1,famille democracie respecter equitable securitaire libre,a92a5edf-9bb9-eb11-a7ad-28187818aecc
1,respect gentillesse honnetete integrite famille festif,9f5d9e78-eebe-eb11-a7ad-28187818aecc
1,family the right thing to do honesty integraty trustworthy respect,ec98f315-a2c3-eb11-a7ad-28187818aecc
1,wholesome family respect values equality caring,e10f6991-eebe-eb11-a7ad-28187818aecc
1,famille economie ouverture respect intégrité bonheur,75c0a91b-eebe-eb11-a7ad-28187818aecc
1,respect multiculture family culture nothing else,bc24277f-9bb9-eb11-a7ad-28187818aecc
1,multiculturalism respect for everyone strong families compassion and caring  ,7daf05f2-9bb9-eb11-a7ad-28187818aecc
1,family polite respectful   ,8ccf8c28-a2c3-eb11-a7ad-28187818aecc
2,enfants respect    ,91fe69af-9bb9-eb11-a7ad-28187818aecc
1,respect famille entreaide   ,6b0df721-7fbd-eb11-a7ad-28187818aecc
1,famille partage amour respect  ,251c5abb-7ebd-eb11-a7ad-28187818aecc
2,santé respect rémunération équitable liberté égalité famille,ec5500f8-9bb9-eb11-a7ad-28187818aecc
1,équité respect droits humains famille  égalité des chances liberté,93d268bb-9bb9-eb11-a7ad-28187818aecc
1,family values respect care peace helpful commom sense,f8af05f2-9bb9-eb11-a7ad-28187818aecc
1,fièrté le bilinguisme la famille nos grandes richesses naturelles l'égalité des personnes l'harmonie entres les peuples,610f6991-eebe-eb11-a7ad-28187818aecc
1,famille emploi équité liberté économie ,fda31633-fdc2-eb11-a7ad-28187818aecc
1,family integerty freedom   ,514068c1-9bb9-eb11-a7ad-28187818aecc
1,freedom choice family values   ,e6659b65-7fbd-eb11-a7ad-28187818aecc
2,liberté famille accident enfants choisir amis,1c5e9e78-eebe-eb11-a7ad-28187818aecc
1,family faith freedom democracy  ,e057286c-eebe-eb11-a7ad-28187818aecc
2,peace safety children equality fairness love,541d7c95-36c5-eb11-a7ad-28187818aecc
1,honest hard working trustworthy good use of manors family oriented caring,5192243c-fec2-eb11-a7ad-28187818aecc
1,kindness diversity accepting family honesty integrity,70e1254c-eebe-eb11-a7ad-28187818aecc
1,honesty family values    ,a1bc36a4-eebe-eb11-a7ad-28187818aecc
1,family peace compassion equality kindness team work,753f2e58-eebe-eb11-a7ad-28187818aecc
1,family traditional wholesome hard working progess ,2c1ee35a-9bb9-eb11-a7ad-28187818aecc
1,famille travail    ,7541e80f-a2c3-eb11-a7ad-28187818aecc
1,jobs are important family first    ,62f7a7e4-7ebd-eb11-a7ad-28187818aecc
1,polite family taxes   ,c16cd4ad-36c5-eb11-a7ad-28187818aecc
1,family oriented kind hearted    ,8f0ba221-eebe-eb11-a7ad-28187818aecc
1,caring kind worthy good trustworthy family,8bbd36a4-eebe-eb11-a7ad-28187818aecc
1,famille ami généreux social gentil accueillant,005f4e90-7ebd-eb11-a7ad-28187818aecc
1,family strong loyal   ,97cae610-fec2-eb11-a7ad-28187818aecc
1,family loyalty caring trustworthy traditional honest,5998f315-a2c3-eb11-a7ad-28187818aecc
1,family     ,c825277f-9bb9-eb11-a7ad-28187818aecc
1,family     ,5a402e58-eebe-eb11-a7ad-28187818aecc
1,la famille     ,b000ef33-eebe-eb11-a7ad-28187818aecc
1,family independence selfsupporting innovative insular ,4bbb64e5-9bb9-eb11-a7ad-28187818aecc
1,family     ,e2a5273a-eebe-eb11-a7ad-28187818aecc
1,familles     ,b35d9e78-eebe-eb11-a7ad-28187818aecc
1,family     ,e197f315-a2c3-eb11-a7ad-28187818aecc
1,polite caring welcoming protective of children community spiritedness hard working,764146b0-eebe-eb11-a7ad-28187818aecc
1,family health freedom peace  ,420ef721-7fbd-eb11-a7ad-28187818aecc
1,family social safety net equality welcoming generous common sense,993e9f46-7fbd-eb11-a7ad-28187818aecc
1,family democracy vote education health work,5c0ef721-7fbd-eb11-a7ad-28187818aecc
2,quality of life food water shelter acceptance family,fe34fed9-a1c3-eb11-a7ad-28187818aecc
1,peacekeeping allowing family fun safety cleanliness,c43c1e91-9bb9-eb11-a7ad-28187818aecc
2,guerre famine enfants religion santé prison,a663db60-9bb9-eb11-a7ad-28187818aecc
1,freedom family environment   ,d46291bc-eebe-eb11-a7ad-28187818aecc
1,économie environnement democratie famille nature égalité,835d9e78-eebe-eb11-a7ad-28187818aecc
1,friendly family oriented accepting of cultural awareness not gun lovers nature lovers being polite,d396d23a-a2c3-eb11-a7ad-28187818aecc
1,kindness compassion family healthy environment ,5e1321cd-fdc2-eb11-a7ad-28187818aecc
1,famille tradition santé bois importantes environnement,8c61f6af-a1c3-eb11-a7ad-28187818aecc
1,famille environnement amicalité santé aidant -,cc00ef33-eebe-eb11-a7ad-28187818aecc
1,sante sécurité famille environnement vieux loi,c1ad2752-eebe-eb11-a7ad-28187818aecc
1,freedom of religion freedom of speech freedom to spend time with whomever i chose family male & female genders only freedom to life (unborn),e44146b0-eebe-eb11-a7ad-28187818aecc
2,liberty equality prisoners of conscience racism women children,014246b0-eebe-eb11-a7ad-28187818aecc
2,refugees children women violence food medicine,38fe69af-9bb9-eb11-a7ad-28187818aecc
2,respect liberté femme enfant minorité visible religion,0f0f5954-fec2-eb11-a7ad-28187818aecc
2,equal opportunity racial discrimination gay rights gender equality child protection ,a87c66d3-9bb9-eb11-a7ad-28187818aecc
2,women children safety fight equality diginity,c634ed2d-eebe-eb11-a7ad-28187818aecc
2,race children women government health financial support,555f9e78-eebe-eb11-a7ad-28187818aecc
2,respect liberté équité égalité droit vivre,ca0df721-7fbd-eb11-a7ad-28187818aecc
1,freedom rights welcoming respectful hard working polite,46bb64e5-9bb9-eb11-a7ad-28187818aecc
1,la liberté d'expression le bilinguisme l'égalité des sexes la grosseur d'une personne la couleur de la peau le respect de chacun,0309fb52-7fbd-eb11-a7ad-28187818aecc
1,freedom of speech proud respect each other everyone is equal rights freedom,2172e428-fec2-eb11-a7ad-28187818aecc
2,racisme discrimination inégalité intimidation reconnaissance des droits pour tous richesse,c02d119e-eebe-eb11-a7ad-28187818aecc
2,racist necessary equal rights law real lacking,3c0ef721-7fbd-eb11-a7ad-28187818aecc
2,equality right to life and dignity accepting fair for everyone inclusive mandatory,63cce610-fec2-eb11-a7ad-28187818aecc
2,freedom of speech right to move freely right to information right to democracy right to work ,2a36fed9-a1c3-eb11-a7ad-28187818aecc
2,freedom defence against arbitrary imprisonment liberty religious freedom right to protest right to speak against the government,7f2b5edf-9bb9-eb11-a7ad-28187818aecc
2,droit liberte     ,7ba4ec7d-a2c3-eb11-a7ad-28187818aecc
2,equality right to religion freedom speech vote other,dc0ef721-7fbd-eb11-a7ad-28187818aecc
2,absolutely necessary the right thing to do every person has the right to freedom of speech the right to choose religion the right to live how you want ,5e352034-7fbd-eb11-a7ad-28187818aecc
2,people should have the right to freedom equality choice   ,b43e2e58-eebe-eb11-a7ad-28187818aecc
2,droit à la liberté droit à l'expression droit aux rassemblement   ,519270b5-9bb9-eb11-a7ad-28187818aecc
2,freedom of speach autonomy    ,21b0f7eb-a1c3-eb11-a7ad-28187818aecc
2,freedom of  speech freedom  of  the  press one person one vote   ,04e45760-fec2-eb11-a7ad-28187818aecc
1,democracy freedom rights   ,623d1e91-9bb9-eb11-a7ad-28187818aecc
2,right equality diversity   ,bfe2254c-eebe-eb11-a7ad-28187818aecc
2,rights for everyone equality compassion   ,a8a5273a-eebe-eb11-a7ad-28187818aecc
2,equal rights for everyone making unselfish decisions for the common good    ,7d73e428-fec2-eb11-a7ad-28187818aecc
2,equal rights     ,95cae610-fec2-eb11-a7ad-28187818aecc
2,equality basic democratic rights    ,e674e428-fec2-eb11-a7ad-28187818aecc
2,liberté égalité fraternité droit aux soins  ,6f1b8f40-7fbd-eb11-a7ad-28187818aecc
2,"equality the right  to go to school, church, shop without interferenc can express my opinions we all have the same rights no matter race, colour or religion  ",3c4246b0-eebe-eb11-a7ad-28187818aecc
2,liberte sante argent droit parole  ,7648759d-9bb9-eb11-a7ad-28187818aecc
2,right of expression right to choose right to education freedom live love,75fe69af-9bb9-eb11-a7ad-28187818aecc
2,food shelter healthcare equal rights freedom of expression freedom of peaceful demonstration,57bd36a4-eebe-eb11-a7ad-28187818aecc
2,right to work right for social protection right to an education freedom to practise religion right to privacy right to health and liberty,80af8e97-eebe-eb11-a7ad-28187818aecc
2,sécurité nourriture égalité des sexes droit de parole démocratie santé,b1937d72-eebe-eb11-a7ad-28187818aecc
2,freedom choice rights torture imprison china,7f09fb52-7fbd-eb11-a7ad-28187818aecc
2,necessary to support happy to be living in canada believe in support for other countries lament the lack of same in some countries srongly believe in rights expectation,bfa46d6b-a2c3-eb11-a7ad-28187818aecc
2,equality freedom justice peace right to happiness and security stability,4b3d1e91-9bb9-eb11-a7ad-28187818aecc
2,liberté de parole abus de ses droits et des reglements moins de violence   ,659f5f5a-fec2-eb11-a7ad-28187818aecc
1,freedom of expression freedom of association culture of trust encourages individuality protects rights of individuals (not groups) rewards and value for hard work,dce11897-9bb9-eb11-a7ad-28187818aecc
1,ouverture inclusion droit liberté d expression  ,92e21897-9bb9-eb11-a7ad-28187818aecc
2,equality fairness normal right to life fundamental right to believe in religion,8b659b65-7fbd-eb11-a7ad-28187818aecc
2,droit à la nourriture droit au logement droit liberté de expression droit à la différence droit au service de la santé vivre,cdff4daa-eebe-eb11-a7ad-28187818aecc
2,freedom of opinion and expression right to equality freedom from discimination right to personl security right to life equal before the law,6c5f9e78-eebe-eb11-a7ad-28187818aecc
2,freedom guarenteed given by god above lawmakers basic rights democratic,5b609c09-7fbd-eb11-a7ad-28187818aecc
2,liberty rights equality freedom safety overhyped,723f1e91-9bb9-eb11-a7ad-28187818aecc
2,health wellness clean environment basic needs comfort truth transparency non aggression rule right to thrive,1058286c-eebe-eb11-a7ad-28187818aecc
1,helpfull to neighbours universal health care love of country rich natural resources equality of rights freedom of speech,aa685e4e-fec2-eb11-a7ad-28187818aecc
2,"communist dictatorship china right to free speech islamic republics dictatorships demand straight answer from prime minister, not dodging right to free opinion",612b5edf-9bb9-eb11-a7ad-28187818aecc
2,freedom of choice freedom of expression respect dignity strength pride,1e412e58-eebe-eb11-a7ad-28187818aecc
1,cultures pacifiste respect liberté expression  ,b441d00f-7fbd-eb11-a7ad-28187818aecc
2,freedom of speech choice kind respect listen learn,1091243c-fec2-eb11-a7ad-28187818aecc
2,respect liberté de parole    ,9f3d68c1-9bb9-eb11-a7ad-28187818aecc
2,dignity respect rights   ,6208d666-9bb9-eb11-a7ad-28187818aecc
1,egalite homme femme respect liberte droits de la personne  ,66f3eff1-a1c3-eb11-a7ad-28187818aecc
1,égalité respect droit   ,f3d168bb-9bb9-eb11-a7ad-28187818aecc
2,respect bafouer canada minorité application droit,e93d68c1-9bb9-eb11-a7ad-28187818aecc
1,langue liberté respect paix démocratie droit,6eae2752-eebe-eb11-a7ad-28187818aecc
1,solidarité diversité justice démocratie liberté d'expression respect des différences,97dcc434-a2c3-eb11-a7ad-28187818aecc
1,freedom respect environment multiculturalism free speech equality,f77f2c79-9bb9-eb11-a7ad-28187818aecc
1,respect for all human life equality in employment areas as to race freedom of speech respect for our laws election integrity freedom of religion,12e35760-fec2-eb11-a7ad-28187818aecc
1,freedom of speach democratic polite respectful complacent accepting,2a3f9f46-7fbd-eb11-a7ad-28187818aecc
2,"""human rights"" is a phrase and not a ""term"" fair (not equal, but fair) treatment for all respect for all regardless of colour, ethnicity, religion, sex, orientation, etc education for all health and health care for all equal rights for all",1c2b5edf-9bb9-eb11-a7ad-28187818aecc
1,"freedom of expression, freedom of movement, freedom of religion, and freedom to pursue economic activity and opportunity! canadian values are grounded in the canadian constitution, human rights and cnd law mutual respect for one another equality of opportunity access to healthcare, primary education and to social services fairness and freedom from oppressive totalitarian government",ebbb36a4-eebe-eb11-a7ad-28187818aecc
2,liberté deplacement liberté parole securite choix personel racisme paix,e9faf21b-7fbd-eb11-a7ad-28187818aecc
2,freedom of speech freedeom of movement personal safety/protection access to health care discrimination religious choice,cca6d079-fec2-eb11-a7ad-28187818aecc
2,discrimination racisme égalité criminelles mieux protégées que les victimes salaire minimum est égal à l’esclavage certains droits dès uns briment ceux des autres,175d56b6-eebe-eb11-a7ad-28187818aecc
2,civil rights racial profiling healthcare housing disenfranchising police reform,1b4068c1-9bb9-eb11-a7ad-28187818aecc
2,freedom of speech freedom of religion all treated equally freedom of choice no discrimination ,1e52ce4c-7fbd-eb11-a7ad-28187818aecc
2,"freedom from discrimination of any sort right of access for basic needs: shelter, food, medicine, education, communication freedom from fear   ",0092243c-fec2-eb11-a7ad-28187818aecc
2,oppression lack of basic necessities equality safety police brutality freedom of speech,b5e1254c-eebe-eb11-a7ad-28187818aecc
2,freedom of speech human rights code    ,a93a83fd-7ebd-eb11-a7ad-28187818aecc
1,inclusivity democracy human rights free speech freedom of religion ,dd84d546-6ec4-eb11-a7ad-28187818aecc
2,your rights as a human equal opportunity to be treated fairly   ,7c8c6da3-9bb9-eb11-a7ad-28187818aecc
2,the rights of all human beings     ,99a2273a-eebe-eb11-a7ad-28187818aecc
2,"every person has a human right to life, liberty equality health opportunity livelihood",125d56b6-eebe-eb11-a7ad-28187818aecc
1,pluralité droit de la personne liberté de choix   ,f1ff4daa-eebe-eb11-a7ad-28187818aecc
2,basic rights universal rights    ,6c412e58-eebe-eb11-a7ad-28187818aecc
2,gender equality freedom of speech    ,d778e854-9bb9-eb11-a7ad-28187818aecc
2,liberty freedom of speech freedom of expression equal  ,b07c66d3-9bb9-eb11-a7ad-28187818aecc
2,freedom of speech equality    ,a71121cd-fdc2-eb11-a7ad-28187818aecc
2,freedom of thought freedom of speech freedom of opinion freedom of choice freedom of religion freedom of expression,bb685e4e-fec2-eb11-a7ad-28187818aecc
2,freedom of speech freedom to live my life freedom to choose my religion freedom to express who i am freedom to have my own beliefs ,798e6da3-9bb9-eb11-a7ad-28187818aecc
1,freedom of speech freedom of religion    ,acc36348-fec2-eb11-a7ad-28187818aecc
2,freedom of expression free speach religious freedom freedom of choice freedom to travel ability to make changes,8a840d59-7fbd-eb11-a7ad-28187818aecc
2,speech freedom kind to others   ,3ca5273a-eebe-eb11-a7ad-28187818aecc
2,liberté d’expression choix protection   ,d1d21e8b-9bb9-eb11-a7ad-28187818aecc
2,freedom of speech     ,e68160c7-9bb9-eb11-a7ad-28187818aecc
2,freedom of speech     ,29e45760-fec2-eb11-a7ad-28187818aecc
2,basic essentials freedom of expression    ,bda46d6b-a2c3-eb11-a7ad-28187818aecc
2,people have say about what they believe openness express opinions without penalty   ,a2b01028-7fbd-eb11-a7ad-28187818aecc
2,liberté d’expression     ,f4ca202e-7fbd-eb11-a7ad-28187818aecc
2,freedom of speech     ,463f1e91-9bb9-eb11-a7ad-28187818aecc
1,free speach multicultural    ,fa770f3c-9bb9-eb11-a7ad-28187818aecc
2,treating people right decency right equality kindness helping others,3b790f3c-9bb9-eb11-a7ad-28187818aecc
2,expression gathering move around criticize government not being threatened peace,4a9170b5-9bb9-eb11-a7ad-28187818aecc
2,freedom freedom of speech equality inclusion acceptance support of govt,01695e4e-fec2-eb11-a7ad-28187818aecc
2,"equality freedom to choose democracy freedom of speech access to medical care, food, water, clothing fair treatment",fae35760-fec2-eb11-a7ad-28187818aecc
2,freedom of person to live voting/  personal opinion personal health family freedom of religion earn a living,69627565-a2c3-eb11-a7ad-28187818aecc
1,"public good universality - health care, education tolerance freedom of expression inclusivity of institutions and programs ",b93d9f46-7fbd-eb11-a7ad-28187818aecc
1,care for each other (ie healthcare) multicultural diversity in thought and expression freedom  ,c00df721-7fbd-eb11-a7ad-28187818aecc
2,freedom of speech reasonable access to food/water/living conditions/electricity/heat freedom to travel freedom to live  ,efe599c1-7ebd-eb11-a7ad-28187818aecc
2,soins de santé education soin personnes âgées sécurité droit de vote liberté,2e9f5f5a-fec2-eb11-a7ad-28187818aecc
1,bar [bra] ouvert pas d'armes à feu accueuillant pour immigrant liberté d'expression  ,bf0df721-7fbd-eb11-a7ad-28187818aecc
1,liberté d'expression tolérance pondération soutien aux autres bons soins de santé bonnes relations internationales,445d56b6-eebe-eb11-a7ad-28187818aecc
2,liberté droits fondamentaux reconnaissance de l’être humain reconnaissance du citoyen  ,dcca202e-7fbd-eb11-a7ad-28187818aecc
1,freedom equality rights   ,b8659b65-7fbd-eb11-a7ad-28187818aecc
2,liberté libre droits der fbrru aw,43c604e0-a1c3-eb11-a7ad-28187818aecc
2,individual rights freedoms to choose    ,53840d59-7fbd-eb11-a7ad-28187818aecc
2,nos droits,bc215672-fec2-eb11-a7ad-28187818aecc
2,education freedom thought justice food shelter,db609e78-eebe-eb11-a7ad-28187818aecc
1,équité démocratie droits santé solidarité ouverture,66681f85-9bb9-eb11-a7ad-28187818aecc
2,droit de vivre en sécurité droit de dire son opinion droit de voter droit de circuler droit au travail droit d'avoir des services de santé,4ac70e2f-fec2-eb11-a7ad-28187818aecc
1,droits liberté tradition choix non dictature non nwo,c57ba6ea-fcc2-eb11-a7ad-28187818aecc
2,humanity fairness justice equality freedom of speech ,35bb64e5-9bb9-eb11-a7ad-28187818aecc
2,freedom speech dignity laws democracy ,df75e609-a2c3-eb11-a7ad-28187818aecc
2,droit de la personne juste droit legal  ,8c0df721-7fbd-eb11-a7ad-28187818aecc
2,justice freedom of speech equality activists voting safety,a8e20bc8-a1c3-eb11-a7ad-28187818aecc
2,charter of rights freedom of speech freedoms of religion peaceful protest  ,1d1f99ec-6dc4-eb11-a7ad-28187818aecc
2,freedom of choice protection in our country justice peace we're in this together love not war,303b83fd-7ebd-eb11-a7ad-28187818aecc
2,charte des droits et libertés le droit des opinions doute raisonnable droit d'exister droit de se défendre égalité,e8037ff7-7ebd-eb11-a7ad-28187818aecc
1,democratie droits égalité elections valeurs justice,8a885dcd-9bb9-eb11-a7ad-28187818aecc
1,selfish lazy over rated human rights white supremacy  ,75d7d615-7fbd-eb11-a7ad-28187818aecc
2,"freedom of person, of religion, of expression, to dissent, all people are entitled to clean air, water, food, clothing, and a roof over their heads no one should be bullied or harassed   ",47af05f2-9bb9-eb11-a7ad-28187818aecc
1,économie patrimoine culturel richesse naturelle droit ancestraux ,7385ee0a-fec2-eb11-a7ad-28187818aecc
2,freedom racial equality respect protection  ,2d92243c-fec2-eb11-a7ad-28187818aecc
2,equality colour blind ethnic blind commonality treat everyone with respect and fairness ,0d97d23a-a2c3-eb11-a7ad-28187818aecc
1,respect for others against hate for others tolerant   ,69e06766-6ec4-eb11-a7ad-28187818aecc
2,dignité liberté respect aide défense équité,ba937d72-eebe-eb11-a7ad-28187818aecc
2,dignité liberté responsabilité égalité respect exagération,bf0f6991-eebe-eb11-a7ad-28187818aecc
2,"equality respect for fellow humans extremely important to have for all still work to be done progress not an option, its a must",7d1221cd-fdc2-eb11-a7ad-28187818aecc
2,respect égalité dignité   ,69565b22-a2c3-eb11-a7ad-28187818aecc
2,vie respect dignité securité décense opinion,51a4ec7d-a2c3-eb11-a7ad-28187818aecc
2,respect empathie solidarité paix sollicitude humanisme,f55500f8-9bb9-eb11-a7ad-28187818aecc
2,freedom respect human rights decision education mind,06782646-eebe-eb11-a7ad-28187818aecc
2,respect humanité intégralité soins assistance devoir,7c8260c7-9bb9-eb11-a7ad-28187818aecc
1,integrity respect dignity trustworthy honesty values,603c1e91-9bb9-eb11-a7ad-28187818aecc
1,civility liberty diversity empathy equality respect,b5430d85-eebe-eb11-a7ad-28187818aecc
2,égalité liberté respect   ,35c70e2f-fec2-eb11-a7ad-28187818aecc
2,liberté civisme société entraide respect égalité,2ce4e4eb-9bb9-eb11-a7ad-28187818aecc
2,respect valeurs liberté echanges traditions équité,53fbfafd-9bb9-eb11-a7ad-28187818aecc
2,equality protection safety respect freedom democracy,a073e428-fec2-eb11-a7ad-28187818aecc
1,liberté amical généreux respectueux gentil égalitaire,f17bd272-9bb9-eb11-a7ad-28187818aecc
2,expression circulation respect travail rémunération liberté,32c36348-fec2-eb11-a7ad-28187818aecc
1,liberté respect tolérance dualité entraide acceptabilté,c726465f-7fbd-eb11-a7ad-28187818aecc
1,multiculturalism respect freedoms   ,641ee35a-9bb9-eb11-a7ad-28187818aecc
2,respect liberté autonomie diversité sécurité paix,22420d85-eebe-eb11-a7ad-28187818aecc
2,liberté respect sécurité   ,322604ce-a1c3-eb11-a7ad-28187818aecc
2,liberté respect    ,a7b1a103-7fbd-eb11-a7ad-28187818aecc
1,freedom respect generosity   ,80a46d6b-a2c3-eb11-a7ad-28187818aecc
2,liberté respect communauté   ,6e9811d9-fdc2-eb11-a7ad-28187818aecc
2,liberté respect des autres devoirs fraternité  ,c5367471-a2c3-eb11-a7ad-28187818aecc
1,freedom pride respect helpful caring ,27755e66-fec2-eb11-a7ad-28187818aecc
2,respect safety freedom   ,63cae610-fec2-eb11-a7ad-28187818aecc
1,tolerance equanimity fairness hard work respect humour,1876e609-a2c3-eb11-a7ad-28187818aecc
1,mostly fair becoming more inculsive respectfully of its citizens is slow trying to correct inequities  ,9009fb52-7fbd-eb11-a7ad-28187818aecc
1,respect diversity equity fairness democracy inclusion,8d626fa8-fdc2-eb11-a7ad-28187818aecc
2,fairness equality respect independant  ,f74146b0-eebe-eb11-a7ad-28187818aecc
2,equality respect fair   ,6374e428-fec2-eb11-a7ad-28187818aecc
1,fairness respect equality transparency  ,47bc36a4-eebe-eb11-a7ad-28187818aecc
2,choices respect integrity honesty equality safe,7d3d1e91-9bb9-eb11-a7ad-28187818aecc
1,honorable trustworthy respectful hard working upstanding fair,e61a4c72-fdc2-eb11-a7ad-28187818aecc
1,respect fairness multicultural tolerance politeness getting along,3bfaf21b-7fbd-eb11-a7ad-28187818aecc
1,respect fairness go along to get along courtesy amiable friendly,19840d59-7fbd-eb11-a7ad-28187818aecc
1,safety being kind polite respect compassion honesty,bc0ca221-eebe-eb11-a7ad-28187818aecc
1,fairness trustworthy polite respect security peaceful,73e45760-fec2-eb11-a7ad-28187818aecc
1,honest hardworking respectful kind  ,d456286c-eebe-eb11-a7ad-28187818aecc
1,respect honesty trust community commitment country,d9ae8e97-eebe-eb11-a7ad-28187818aecc
1,respect honesty sincere dedicated loyal a proud canadian,60840d59-7fbd-eb11-a7ad-28187818aecc
1,acceptation travaillants égalité respect accueillant ouverture d'esprit,63b649bf-fcc2-eb11-a7ad-28187818aecc
1,égalité tolérance respect vivre ensemble sécurité harmonie,92927d72-eebe-eb11-a7ad-28187818aecc
1,égalité des chances respect égalité des genres debordements cinéma nil,925e9c09-7fbd-eb11-a7ad-28187818aecc
1,respect égalité intégrité   ,6e0f5954-fec2-eb11-a7ad-28187818aecc
2,treating others with self respect  everyone should be equal   ,3309fb52-7fbd-eb11-a7ad-28187818aecc
2,equality respect    ,0258286c-eebe-eb11-a7ad-28187818aecc
1,respect equality    ,8d362034-7fbd-eb11-a7ad-28187818aecc
2,égalité respect    ,44fe69af-9bb9-eb11-a7ad-28187818aecc
2,respect égalité    ,67bb64e5-9bb9-eb11-a7ad-28187818aecc
2,equité respect manger dormir vivre paix,a4037ff7-7ebd-eb11-a7ad-28187818aecc
1,paix respect equite   ,49798b77-a2c3-eb11-a7ad-28187818aecc
1,démocratie équité intégrité respect  ,42ad2752-eebe-eb11-a7ad-28187818aecc
2,égalité respect de chacun démocratie   ,655d56b6-eebe-eb11-a7ad-28187818aecc
2,prosperity respect personality enjoyment individualism diversity,4334ed2d-eebe-eb11-a7ad-28187818aecc
1,honesty caring decency always ready to lend a helping hand hard working respect,19cb202e-7fbd-eb11-a7ad-28187818aecc
1,respectful welcoming giving generous hardworking philanthropist,eb5e9e78-eebe-eb11-a7ad-28187818aecc
1,politeness multi-cultural respect   ,9c21228b-eebe-eb11-a7ad-28187818aecc
1,respect diversity welcoming prepared strong devoted,a5e699c1-7ebd-eb11-a7ad-28187818aecc
1,tolérance respect    ,3a037ff7-7ebd-eb11-a7ad-28187818aecc
1,respect politeness    ,e94ece6c-9bb9-eb11-a7ad-28187818aecc
1,respectful sharing understanding compassionate confident happy,15e599c1-7ebd-eb11-a7ad-28187818aecc
1,unity respect understanding friendship empathy open,79609c09-7fbd-eb11-a7ad-28187818aecc
1,respect ouverture    ,4c00ef33-eebe-eb11-a7ad-28187818aecc
1,ouverture accueuil respect   ,1f86ee0a-fec2-eb11-a7ad-28187818aecc
1,tradition respect honor   ,dabc36a4-eebe-eb11-a7ad-28187818aecc
1,respect proud friendly helpful  ,903e9f46-7fbd-eb11-a7ad-28187818aecc
2,respect vie amour   ,314ed71c-fec2-eb11-a7ad-28187818aecc
1,respect     ,9447759d-9bb9-eb11-a7ad-28187818aecc
1,qui est comme moi respect des autres    ,8f8260c7-9bb9-eb11-a7ad-28187818aecc
2,respect     ,73c50336-fec2-eb11-a7ad-28187818aecc
2,respect     ,1e420d85-eebe-eb11-a7ad-28187818aecc
2,thanks respect support care  ,e18160c7-9bb9-eb11-a7ad-28187818aecc
2,respect savoir etre savoir vivre vivre ensemble harmonie amour,9100ef33-eebe-eb11-a7ad-28187818aecc
1,respectful caring    ,069270b5-9bb9-eb11-a7ad-28187818aecc
1,peacefull respectfull    ,77fbfafd-9bb9-eb11-a7ad-28187818aecc
1,respect partage choix liberté service ,db2d119e-eebe-eb11-a7ad-28187818aecc
2,liberté respect paix santé  ,06591f54-fdc2-eb11-a7ad-28187818aecc
2,equality respect for all fairness necessary worth fighting for should be part of education curriculum,e409fb52-7fbd-eb11-a7ad-28187818aecc
1,égalité hommes femmee education égalité des ethnies démocratie respect ,00a41633-fdc2-eb11-a7ad-28187818aecc
2,respect égalté aide éducation (formation) vie santé,57fbfafd-9bb9-eb11-a7ad-28187818aecc
2,respect égalité intégrité santé éducation paix,bece65a9-9bb9-eb11-a7ad-28187818aecc
1,respect flexibility acceptance active interested in welfare ,b24bd140-6ec4-eb11-a7ad-28187818aecc
2,respect logement nourriture   ,16802c79-9bb9-eb11-a7ad-28187818aecc
2,freedom in all below peace respect religion race nationality,053f68c1-9bb9-eb11-a7ad-28187818aecc
1,égalité paix respect multiculturalisme aide internationale démocratie,78c50336-fec2-eb11-a7ad-28187818aecc
2,respect dignité obligation morale bienveillance utiles internationaux,a3ca202e-7fbd-eb11-a7ad-28187818aecc
1,respect liberte moralite bilingue honnetete multicularisme,6c8e7659-a2c3-eb11-a7ad-28187818aecc
1,respect sharing fair discipline peace diversity,44d08c28-a2c3-eb11-a7ad-28187818aecc
2,respect doing what’s right a privilege if you can’t follow the rules   ,b578e854-9bb9-eb11-a7ad-28187818aecc
2,respect égalité humains de partout lois libertés union,9c7ef104-fec2-eb11-a7ad-28187818aecc
2,respect equitable fair humane rampart justice,d53f68c1-9bb9-eb11-a7ad-28187818aecc
2,dignité égalité respect charte union dons,13341736-9bb9-eb11-a7ad-28187818aecc
2,liberté egalité travail respect justice securite,e5215672-fec2-eb11-a7ad-28187818aecc
1,freedom respect tolerance justice equality ,d54146b0-eebe-eb11-a7ad-28187818aecc
2,liberté égalité respect démocratie justice vivre,c71b5abb-7ebd-eb11-a7ad-28187818aecc
1,tolerance respect individuality justice freedom ,0c3f68c1-9bb9-eb11-a7ad-28187818aecc
2,respect for individuals justice fairness equality democracy righteousness,d808fb52-7fbd-eb11-a7ad-28187818aecc
2,respect essentiel devoir justice normal égalité,3a5d56b6-eebe-eb11-a7ad-28187818aecc
2,respect vivre ensemble droit légal fondement de la société politique,5f5d56b6-eebe-eb11-a7ad-28187818aecc
1,respect caring safe law abiding  ,22d56853-a2c3-eb11-a7ad-28187818aecc
2,respect paix démocratie évolué civilisé justice,d0ad2752-eebe-eb11-a7ad-28187818aecc
2,liberté respect des lois utiliser tous les services pour toutes les personnes   ,ef0e5954-fec2-eb11-a7ad-28187818aecc
2,equality respect abused distorted safety prosperity,00b08e97-eebe-eb11-a7ad-28187818aecc
1,qualité de vie grands espaces diversité respect empathie inventif,e82d119e-eebe-eb11-a7ad-28187818aecc
1,respect for different people respect for the environment peace nature diversity inclusiveness,8ad7d615-7fbd-eb11-a7ad-28187818aecc
1,friendly nature diplomatic balance respect helpful,0acbe610-fec2-eb11-a7ad-28187818aecc
1,langues identité environnement respect  ,855d9e78-eebe-eb11-a7ad-28187818aecc
1,environnement faire payer trop de taxes pas de colonne respect accueillant se laisser marcher sur les pieds par des étrangers,c77f2c79-9bb9-eb11-a7ad-28187818aecc
2,liberte respect egalite adaptation legislation parole,96410d85-eebe-eb11-a7ad-28187818aecc
2,equality respect tolerance freedom of choice democracy personal choice,af3e9f46-7fbd-eb11-a7ad-28187818aecc
2,adiquate freedom respect the yes bacon,ab66aea2-7ebd-eb11-a7ad-28187818aecc
1,good neighbours fair respectful nice considerate helpful,6ae45760-fec2-eb11-a7ad-28187818aecc
1,fairness cooperation concern for others innovation respectful sense of community,0d7d66d3-9bb9-eb11-a7ad-28187818aecc
1,thoughtful caring respectful distinct inclusive canadian,a054286c-eebe-eb11-a7ad-28187818aecc
1,gentlemeanly happy kind generous helpful canada eh,0a6291bc-eebe-eb11-a7ad-28187818aecc
1,polite respectful decent wholesome calm right,ff96d23a-a2c3-eb11-a7ad-28187818aecc
1,empathy politeness kind caring respectful funny,0909fb52-7fbd-eb11-a7ad-28187818aecc
1,friendly loyal caring respectful  ,5474e428-fec2-eb11-a7ad-28187818aecc
1,loyal respect mindful peaceful straight forward,a43e68c1-9bb9-eb11-a7ad-28187818aecc
1,proud respected internationally polite diverse  ,2e51a77e-eebe-eb11-a7ad-28187818aecc
1,honesty loyalty law abiding respectful neighborly kindness,f47d66d3-9bb9-eb11-a7ad-28187818aecc
1,justice égalité sociale respect la paix travaillant,f941d00f-7fbd-eb11-a7ad-28187818aecc
1,croyance façon de vivre valeur respect nos lois ,58d23b42-fec2-eb11-a7ad-28187818aecc
1,respect loyal beaver maple leaf oh canada fair,4c782646-eebe-eb11-a7ad-28187818aecc
1,strong honest loyal dependable hockey maple leaf,65616fa8-fdc2-eb11-a7ad-28187818aecc
1,equality respect the environment diversity democracy ,5af7a7e4-7ebd-eb11-a7ad-28187818aecc
2,liberty racism    ,de802c79-9bb9-eb11-a7ad-28187818aecc
1,don’t count unfair racist   ,02bb64e5-9bb9-eb11-a7ad-28187818aecc
2,equality racism diversity   ,87a3273a-eebe-eb11-a7ad-28187818aecc
2,accommodate harassment discrimination   ,609170b5-9bb9-eb11-a7ad-28187818aecc
2,oppression restrictions racism stereotypes torture profiling,3fff301c-a2c3-eb11-a7ad-28187818aecc
2,freedom have your own opinion express yourself have an education have medical assistance no discrimination,81d8d615-7fbd-eb11-a7ad-28187818aecc
2,racism fairness necessary important vital worldwide,b5274ef8-fdc2-eb11-a7ad-28187818aecc
2,genocide united nations democracy speech employment assembly,eca8ec7f-fec2-eb11-a7ad-28187818aecc
2,vie privé libre discrimination loi égalité ,c85d9e78-eebe-eb11-a7ad-28187818aecc
2,lack of equality descrimination protection charter basic,80ae8e97-eebe-eb11-a7ad-28187818aecc
1,leurre hypocrisie sectaires discriminatoires égoisme ,136191bc-eebe-eb11-a7ad-28187818aecc
2,racism freedom protection diversity strong liberalism,965519d3-fdc2-eb11-a7ad-28187818aecc
2,god given equality fairness unbiased freedom non gender discrimination,2fd56853-a2c3-eb11-a7ad-28187818aecc
2,equal opportunities colourless    ,b4780641-a2c3-eb11-a7ad-28187818aecc
2,equality no discrimination    ,43ee654e-9bb9-eb11-a7ad-28187818aecc
2,opposing oppression opposing prejudice ensuring opportunity   ,c03e68c1-9bb9-eb11-a7ad-28187818aecc
1,polite friendly welcoming not discriminatory healthy sharing,6baf05f2-9bb9-eb11-a7ad-28187818aecc
2,for everyone not only for blacks    ,4952ce4c-7fbd-eb11-a7ad-28187818aecc
1,colonial welcoming white cold uncultured trying,5c50ce6c-9bb9-eb11-a7ad-28187818aecc
2,equality freedom dignity pride inclusion peace,42ff301c-a2c3-eb11-a7ad-28187818aecc
1,freedom human rights equal   ,7e3c83fd-7ebd-eb11-a7ad-28187818aecc
2,equality freedom humanity   ,93e799c1-7ebd-eb11-a7ad-28187818aecc
2,equality fairness compassion humanity grow up future,ce430d85-eebe-eb11-a7ad-28187818aecc
2,fairness equality community civil humanity ,a39170b5-9bb9-eb11-a7ad-28187818aecc
2,"every person is equal treat all with dignity you can have an opinion, but be kind   ",e2fbfafd-9bb9-eb11-a7ad-28187818aecc
2,equality basic human expectations    ,c48160c7-9bb9-eb11-a7ad-28187818aecc
2,equality basic dignity   ,9a33ed2d-eebe-eb11-a7ad-28187818aecc
2,diversity preservation commitment dignity essential dedication,ff5e9e78-eebe-eb11-a7ad-28187818aecc
2,always human human rights are important    ,523f1e91-9bb9-eb11-a7ad-28187818aecc
2,human dignity     ,b55f9c09-7fbd-eb11-a7ad-28187818aecc
2,human rights     ,cb50cefe-fdc2-eb11-a7ad-28187818aecc
2,human     ,2ee10bc8-a1c3-eb11-a7ad-28187818aecc
2,paix civils dignité    ,b60df721-7fbd-eb11-a7ad-28187818aecc
2,freedom food education clean water universal dignity,4f6a5e4e-fec2-eb11-a7ad-28187818aecc
2,provide basic needs to be treated fairly to be loved be treated with dignity be safe ,343b83fd-7ebd-eb11-a7ad-28187818aecc
2,necessary fairness/fair treatment equality decency freedoms safety,f878e854-9bb9-eb11-a7ad-28187818aecc
1,honest hard working equally success fair free,fe3e68c1-9bb9-eb11-a7ad-28187818aecc
2,equal fair freedom   ,1f1adf16-fec2-eb11-a7ad-28187818aecc
1,fairness equity freedom boldness perseverance kindness,bdfaf21b-7fbd-eb11-a7ad-28187818aecc
1,free fair equitable welcoming  ,8ae699c1-7ebd-eb11-a7ad-28187818aecc
1,tolerance fairness kindness strong work ethic liberty freedom,21cba234-6ec4-eb11-a7ad-28187818aecc
2,freedom non judgemental fairness   ,ce48759d-9bb9-eb11-a7ad-28187818aecc
1,honesty freedom friendliness fairness easy going gullible,5b2b5edf-9bb9-eb11-a7ad-28187818aecc
2,fairness freedom    ,21352034-7fbd-eb11-a7ad-28187818aecc
1,protect support trust value freedom safety,413e1e91-9bb9-eb11-a7ad-28187818aecc
1,open honest free patriotic freedom safety,b2fe69af-9bb9-eb11-a7ad-28187818aecc
1,ouverture d’esprit liberté diversité paix équité empathie,4c341736-9bb9-eb11-a7ad-28187818aecc
2,openess equality freedom   ,51e1254c-eebe-eb11-a7ad-28187818aecc
2,equal choice freedom to choose provide basic necessities   ,b6284ef8-fdc2-eb11-a7ad-28187818aecc
1,égalité liberté entraide communauté  ,89420d85-eebe-eb11-a7ad-28187818aecc
2,safe freedom equality   ,3d52ce4c-7fbd-eb11-a7ad-28187818aecc
2,freedom protection equality safety  ,45c1a91b-eebe-eb11-a7ad-28187818aecc
1,freedom peace joy equality acceptance home,823f9715-eebe-eb11-a7ad-28187818aecc
2,equality life safety freedom peace love,773f2e58-eebe-eb11-a7ad-28187818aecc
1,équité liberté démoracie   ,d0a0c884-6dc4-eb11-a7ad-28187818aecc
2,liberté équité vote   ,97d32b40-eebe-eb11-a7ad-28187818aecc
2,equality freedom democracy   ,a0609e78-eebe-eb11-a7ad-28187818aecc
1,freedom easy expensive diverse safe ,0dc0f1f7-a1c3-eb11-a7ad-28187818aecc
2,liberte choix de vivre travail religion  ,ae1b8f40-7fbd-eb11-a7ad-28187818aecc
1,freedom diverse energizing   ,ea55286c-eebe-eb11-a7ad-28187818aecc
1,freedom community inclusive   ,7863fbd4-7ebd-eb11-a7ad-28187818aecc
1,open society freedom safety supportive hepfull diversity,d86191bc-eebe-eb11-a7ad-28187818aecc
1,peace multicultural freedom welcoming collective caring,71b699ae-fdc2-eb11-a7ad-28187818aecc
1,democracy multiculturalism freedom secularism neutral diversity,447f08d8-fcc2-eb11-a7ad-28187818aecc
2,liberté vie religion expression  ,98fd69af-9bb9-eb11-a7ad-28187818aecc
2,freedom free speech freedom to practice any religion democracy  ,d63d9f46-7fbd-eb11-a7ad-28187818aecc
1,free casual polite   ,b250cefe-fdc2-eb11-a7ad-28187818aecc
1,friendly generous reliable polite freedom ,94d7d615-7fbd-eb11-a7ad-28187818aecc
1,caring polite freedom innovative  ,d1af05f2-9bb9-eb11-a7ad-28187818aecc
1,unity patriotism freedom kindness hope generosity,f69070b5-9bb9-eb11-a7ad-28187818aecc
2,freedom explore happy energy excited ,88cbe610-fec2-eb11-a7ad-28187818aecc
1,strong freedom    ,5a91243c-fec2-eb11-a7ad-28187818aecc
2,freedom hapiness    ,faa5d079-fec2-eb11-a7ad-28187818aecc
2,freedom independence    ,68cbe610-fec2-eb11-a7ad-28187818aecc
2,freedom     ,0220228b-eebe-eb11-a7ad-28187818aecc
1,freedom     ,356cffe5-a1c3-eb11-a7ad-28187818aecc
1,liberty freedom    ,b7410d85-eebe-eb11-a7ad-28187818aecc
2,freedom     ,5425277f-9bb9-eb11-a7ad-28187818aecc
2,life liberty    ,9f402e58-eebe-eb11-a7ad-28187818aecc
2,freedom     ,073f9f46-7fbd-eb11-a7ad-28187818aecc
2,freedom     ,41021621-fdc2-eb11-a7ad-28187818aecc
2,freedom liberty    ,fb3e68c1-9bb9-eb11-a7ad-28187818aecc
2,liberté,fb2d119e-eebe-eb11-a7ad-28187818aecc
2,liberté     ,089f5f5a-fec2-eb11-a7ad-28187818aecc
2,freedom     ,8ed7d615-7fbd-eb11-a7ad-28187818aecc
2,freedoms     ,6ee2254c-eebe-eb11-a7ad-28187818aecc
2,freedom     ,6062fbd4-7ebd-eb11-a7ad-28187818aecc
1,freedom     ,f1d31e8b-9bb9-eb11-a7ad-28187818aecc
2,freedom     ,3e3d1e91-9bb9-eb11-a7ad-28187818aecc
2,freedom     ,58659b65-7fbd-eb11-a7ad-28187818aecc
2,liberté     ,39037ff7-7ebd-eb11-a7ad-28187818aecc
2,liberté opinion choix   ,172a13b5-7ebd-eb11-a7ad-28187818aecc
1,freedom for many quiet    ,3c2b5edf-9bb9-eb11-a7ad-28187818aecc
2,freedom free    ,bc2b5edf-9bb9-eb11-a7ad-28187818aecc
2,freedom     ,e072c47e-6dc4-eb11-a7ad-28187818aecc
1,free safe secure accepting  ,ff91243c-fec2-eb11-a7ad-28187818aecc
2,choices safety freedoms   ,4c41d00f-7fbd-eb11-a7ad-28187818aecc
1,pride freedom adventure polite kind peaceful,889070b5-9bb9-eb11-a7ad-28187818aecc
2,freedom liberty peace wisdom society community,99af8e97-eebe-eb11-a7ad-28187818aecc
2,freedom peace    ,f8ae8e97-eebe-eb11-a7ad-28187818aecc
1,freedom peaceful    ,fd1f228b-eebe-eb11-a7ad-28187818aecc
1,freedom peace grace liberty god-fearing confidence,ef0f6991-eebe-eb11-a7ad-28187818aecc
1,paix fraternite liberte paix paix liberte,7a3c22c1-fdc2-eb11-a7ad-28187818aecc
1,liberté l'honneur paix   ,90d6d615-7fbd-eb11-a7ad-28187818aecc
1,non québecoises non américonnes libres   ,396191bc-eebe-eb11-a7ad-28187818aecc
2,your choices free to choose    ,d83b83fd-7ebd-eb11-a7ad-28187818aecc
1,democracy diversity equity safety fairness economic security,a5402e58-eebe-eb11-a7ad-28187818aecc
2,fair treatment equality protection   ,2120228b-eebe-eb11-a7ad-28187818aecc
2,fairness equality kindness expected hopeful ,d47c66d3-9bb9-eb11-a7ad-28187818aecc
2,equality fairness kindness compassion decency morality,0698f315-a2c3-eb11-a7ad-28187818aecc
2,fair impartial open essential best equality,26840d59-7fbd-eb11-a7ad-28187818aecc
2,fairness equality non-judgmental open-minded  ,92bd36a4-eebe-eb11-a7ad-28187818aecc
2,equlaity fairness compassion   ,da48759d-9bb9-eb11-a7ad-28187818aecc
2,fair equality needed   ,da430d85-eebe-eb11-a7ad-28187818aecc
2,equality fairness advocates noise unreasonable unrealistic expectations,eed56853-a2c3-eb11-a7ad-28187818aecc
2,fairness equality not bias   ,89e35760-fec2-eb11-a7ad-28187818aecc
2,equality fair    ,de48759d-9bb9-eb11-a7ad-28187818aecc
2,equality fairness protection safety decency lacking,b84146b0-eebe-eb11-a7ad-28187818aecc
2,fair equal together safe  ,e9626fa8-fdc2-eb11-a7ad-28187818aecc
2,equal fair safe,9098f315-a2c3-eb11-a7ad-28187818aecc
1,honest fair hard working tolerant thrifty independent,b8303184-a2c3-eb11-a7ad-28187818aecc
1,honesty fairness charitable overly pleasant multicultural welcoming,f9fbfafd-9bb9-eb11-a7ad-28187818aecc
1,inclusive fair welcoming   ,f0e35760-fec2-eb11-a7ad-28187818aecc
1,honest fair true good hearted values ,e53e9f46-7fbd-eb11-a7ad-28187818aecc
1,truth fairness values trustworthy friendly ,1d790641-a2c3-eb11-a7ad-28187818aecc
1,fair kindness open helpful gentle volenteers,167d66d3-9bb9-eb11-a7ad-28187818aecc
1,fair open accepting moderate polite caring,53a46d6b-a2c3-eb11-a7ad-28187818aecc
1,honesty dedication trustworthy integrity fair just,e4659b65-7fbd-eb11-a7ad-28187818aecc
1,fair honest    ,1022228b-eebe-eb11-a7ad-28187818aecc
1,strong clear consideration consistency honest heartfelt,716291bc-eebe-eb11-a7ad-28187818aecc
1,fair honest open   ,1d352034-7fbd-eb11-a7ad-28187818aecc
1,integrity humble honest open trustworthy caring,6750ce6c-9bb9-eb11-a7ad-28187818aecc
1,fair     ,2e57286c-eebe-eb11-a7ad-28187818aecc
2,treated fairly     ,0d106991-eebe-eb11-a7ad-28187818aecc
2,fairness     ,c2303184-a2c3-eb11-a7ad-28187818aecc
2,fairness     ,d3ae8e97-eebe-eb11-a7ad-28187818aecc
2,fairness acommodation context validation accuracy truth,c0bc36a4-eebe-eb11-a7ad-28187818aecc
1,honest fair kind helpful trustworthy peaceful,073e2e58-eebe-eb11-a7ad-28187818aecc
1,honesty equality tolerant   ,74685e4e-fec2-eb11-a7ad-28187818aecc
1,honesty open minded inclusive hard working innovative caring,b996d23a-a2c3-eb11-a7ad-28187818aecc
1,honesty peaceable diversity hard working reliable gullible,c674e428-fec2-eb11-a7ad-28187818aecc
1,polite trustworthy kind generous hard-working positive,6c09fb52-7fbd-eb11-a7ad-28187818aecc
1,honnête fort travailler franc riche stabilité,09420d85-eebe-eb11-a7ad-28187818aecc
1,honest loyal hard working   ,cc71e428-fec2-eb11-a7ad-28187818aecc
1,integrity honesty cooperative helpful open diverse,0cb005f2-9bb9-eb11-a7ad-28187818aecc
1,honestly community inclusion   ,dd3a83fd-7ebd-eb11-a7ad-28187818aecc
1,honest open inclusive   ,6890243c-fec2-eb11-a7ad-28187818aecc
1,honour polite smart friendly  ,eda5d079-fec2-eb11-a7ad-28187818aecc
1,honesty kindness morals   ,b4420d85-eebe-eb11-a7ad-28187818aecc
1,friendship giving honerable   ,f3342034-7fbd-eb11-a7ad-28187818aecc
1,congenial apologetic trustworthy   ,3dfcfafd-9bb9-eb11-a7ad-28187818aecc
1,honesty humble easy going tradition accepting friendly,083d1e91-9bb9-eb11-a7ad-28187818aecc
1,honest helpful kindness polite neighbourly ,c0f9f21b-7fbd-eb11-a7ad-28187818aecc
1,honesty generosity compassionate friendly  ,f650a77e-eebe-eb11-a7ad-28187818aecc
1,honest     ,fcae8e97-eebe-eb11-a7ad-28187818aecc
1,trustworthy sincere    ,4d91243c-fec2-eb11-a7ad-28187818aecc
1,honesty charity    ,b8cbe610-fec2-eb11-a7ad-28187818aecc
1,proud honesty    ,d5cc3883-36c5-eb11-a7ad-28187818aecc
1,loyal support proud satified honest leader,fed02b40-eebe-eb11-a7ad-28187818aecc
1,honour     ,7ee45760-fec2-eb11-a7ad-28187818aecc
1,new old trustworthy   ,3658286c-eebe-eb11-a7ad-28187818aecc
1,égalité richesse tolérance ouverture accueil ,63420d85-eebe-eb11-a7ad-28187818aecc
1,compassion equality hard working kind empathy friendly,9d57286c-eebe-eb11-a7ad-28187818aecc
1,friendly reasonable empathetic easy to get along with diverse equality,77790f3c-9bb9-eb11-a7ad-28187818aecc
1,inclusivité égalité entraide partage cohésion gentillesse,5034fed9-a1c3-eb11-a7ad-28187818aecc
2,fine balance diversity equity type correct,6154286c-eebe-eb11-a7ad-28187818aecc
1,equality diversity    ,8f51a77e-eebe-eb11-a7ad-28187818aecc
1,multiculture equal love democrat peace strong,3c8c6da3-9bb9-eb11-a7ad-28187818aecc
1,equality hockey community   ,5a0ba221-eebe-eb11-a7ad-28187818aecc
2,important un equality protection something sometyhing,6afbfafd-9bb9-eb11-a7ad-28187818aecc
1,kindness politeness equality   ,e732ed2d-eebe-eb11-a7ad-28187818aecc
1,kindness honesty responsible dependable welcoming equality,88ddec0e-fdc2-eb11-a7ad-28187818aecc
2,equality     ,3490243c-fec2-eb11-a7ad-28187818aecc
1,égalité doit continuer a travailler    ,db7bd272-9bb9-eb11-a7ad-28187818aecc
1,equité     ,88215672-fec2-eb11-a7ad-28187818aecc
2,equality     ,8350ce6c-9bb9-eb11-a7ad-28187818aecc
2,equality     ,cc4146b0-eebe-eb11-a7ad-28187818aecc
2,equal     ,da20228b-eebe-eb11-a7ad-28187818aecc
2,equality     ,a6ff301c-a2c3-eb11-a7ad-28187818aecc
2,égalité,ddc26348-fec2-eb11-a7ad-28187818aecc
2,equality     ,b2695e4e-fec2-eb11-a7ad-28187818aecc
2,equality     ,28a9872d-6ec4-eb11-a7ad-28187818aecc
2,equality     ,841221cd-fdc2-eb11-a7ad-28187818aecc
1,equal     ,5f62fbd4-7ebd-eb11-a7ad-28187818aecc
2,everybody equal     ,dd3c1e91-9bb9-eb11-a7ad-28187818aecc
2,equality     ,5aa1c884-6dc4-eb11-a7ad-28187818aecc
2,equality none    ,8b0ff721-7fbd-eb11-a7ad-28187818aecc
2,equality equity,406c5466-fdc2-eb11-a7ad-28187818aecc
2,equality,4bc1f1f7-a1c3-eb11-a7ad-28187818aecc
2,equality safe    ,6a4ece6c-9bb9-eb11-a7ad-28187818aecc
2,equality friends help peace  ,399170b5-9bb9-eb11-a7ad-28187818aecc
2,every life is important equality is also important treating everyone without violence   ,a7627565-a2c3-eb11-a7ad-28187818aecc
2,equal     ,fa2b5edf-9bb9-eb11-a7ad-28187818aecc
1,cooperation tolerance strong work ethic   ,d68c7659-a2c3-eb11-a7ad-28187818aecc
1,power care money culture traditional trade,748208d8-fcc2-eb11-a7ad-28187818aecc
1,friendly loyal traditional proud hardworking honest,589070b5-9bb9-eb11-a7ad-28187818aecc
1,clean hardworking heathy happy lifestyle accommodating,cd7d66d3-9bb9-eb11-a7ad-28187818aecc
1,tolerance multiculturalism accepting welcoming polite agricultural,44609c09-7fbd-eb11-a7ad-28187818aecc
1,"working together, inclusive     ",e4ba64e5-9bb9-eb11-a7ad-28187818aecc
2,fraud waste of time money pit   ,f9430d85-eebe-eb11-a7ad-28187818aecc
1,costco walmart mcdonald's amazon target walmart,7b782646-eebe-eb11-a7ad-28187818aecc
1,kindness helpful sense of belonging sense of humour hard working peaceful,01106991-eebe-eb11-a7ad-28187818aecc
1,multiculture friendly    ,6372e428-fec2-eb11-a7ad-28187818aecc
1,politeness tolerance acceptance willingness persistence sacrifice,5a3f68c1-9bb9-eb11-a7ad-28187818aecc
1,friendly helpful kind diverse  ,357c66d3-9bb9-eb11-a7ad-28187818aecc
1,multiculrural inclusive compassionate proud friendly caring,54695e4e-fec2-eb11-a7ad-28187818aecc
1,ouvert diversité    ,53b2a103-7fbd-eb11-a7ad-28187818aecc
1,inclusions acceptation ouverture terre d'acceuil  ,b4565b22-a2c3-eb11-a7ad-28187818aecc
1,open welcoming inclusive   ,7750cefe-fdc2-eb11-a7ad-28187818aecc
1,diverse     ,dda1c884-6dc4-eb11-a7ad-28187818aecc
2,minority     ,076a5e4e-fec2-eb11-a7ad-28187818aecc
1,inclusion     ,db5e9e78-eebe-eb11-a7ad-28187818aecc
1,inclusivity     ,55fbfafd-9bb9-eb11-a7ad-28187818aecc
1,inclusiveness     ,aaae8e97-eebe-eb11-a7ad-28187818aecc
2,minorities     ,f50f6991-eebe-eb11-a7ad-28187818aecc
1,tolérant accueillant    ,ec3d68c1-9bb9-eb11-a7ad-28187818aecc
1,helping each other tolerance diversity   ,840ef721-7fbd-eb11-a7ad-28187818aecc
1,community diversity inclusion welcoming stronger together helpful,95657565-a2c3-eb11-a7ad-28187818aecc
1,community inclusivity    ,5be20bc8-a1c3-eb11-a7ad-28187818aecc
1,diversity democracy    ,97e4e623-9bb9-eb11-a7ad-28187818aecc
1,acceptance understanding appreciation inclusion sharing compliance,54e45760-fec2-eb11-a7ad-28187818aecc
1,religion     ,ee8c6da3-9bb9-eb11-a7ad-28187818aecc
1,ethentical religion    ,1f5f9e78-eebe-eb11-a7ad-28187818aecc
2,protection vulnerable worthy important essential crucial,648e6da3-9bb9-eb11-a7ad-28187818aecc
2,does not really exist goverment really does not care does not matter what is the cost  ,07a6d079-fec2-eb11-a7ad-28187818aecc
2,manifestation violence guerre   ,ff760cc2-a1c3-eb11-a7ad-28187818aecc
1,good upsatanding hockey,b85519d3-fdc2-eb11-a7ad-28187818aecc
1,no canadian values     ,5c51a77e-eebe-eb11-a7ad-28187818aecc
2,human trafficking     ,fe342034-7fbd-eb11-a7ad-28187818aecc
1,kind     ,c3412e58-eebe-eb11-a7ad-28187818aecc
1,friendly im not really sure these days    ,f27c66d3-9bb9-eb11-a7ad-28187818aecc
1,nice loving    ,addcec0e-fdc2-eb11-a7ad-28187818aecc
1,nice pleasent    ,4b75e609-a2c3-eb11-a7ad-28187818aecc
1,friendly polite    ,d3e45760-fec2-eb11-a7ad-28187818aecc
1,polite friendly mostly obedient   ,efe35760-fec2-eb11-a7ad-28187818aecc
1,kindness     ,7c20228b-eebe-eb11-a7ad-28187818aecc
1,kindness pollite    ,6b3a83fd-7ebd-eb11-a7ad-28187818aecc
1,polite     ,935f9c09-7fbd-eb11-a7ad-28187818aecc
1,politeness eh,318f70b5-9bb9-eb11-a7ad-28187818aecc
1,apologetic caring empathetic sympathetic  ,1b3e9f46-7fbd-eb11-a7ad-28187818aecc
1,friendly polite helpful engaging  ,6390243c-fec2-eb11-a7ad-28187818aecc
1,generous kind kindness   ,67ee654e-9bb9-eb11-a7ad-28187818aecc
1,friendly generous happy kind supportive understanding,6faf05f2-9bb9-eb11-a7ad-28187818aecc
1,too lax too slow to do anything useless pushover  ,32619c09-7fbd-eb11-a7ad-28187818aecc
1,strong commited    ,ca91243c-fec2-eb11-a7ad-28187818aecc
1,wholesome different from province to province    ,52bb64e5-9bb9-eb11-a7ad-28187818aecc
2,important essentiel compliquer difficile juste bon,326191bc-eebe-eb11-a7ad-28187818aecc
1,great country they are the best    ,dcfbfafd-9bb9-eb11-a7ad-28187818aecc
2,compassion people    ,ea5e9e78-eebe-eb11-a7ad-28187818aecc
1,open hearted     ,3ad12b40-eebe-eb11-a7ad-28187818aecc
1,helpful listening sharing   ,246391bc-eebe-eb11-a7ad-28187818aecc
1,accepting helping caring   ,cd20228b-eebe-eb11-a7ad-28187818aecc
1,accepted welcome open   ,e30ba221-eebe-eb11-a7ad-28187818aecc
1,volunteer care thankfullness   ,2ee3254c-eebe-eb11-a7ad-28187818aecc
1,empathy compassion strength helpful committed loyal,e24146b0-eebe-eb11-a7ad-28187818aecc
1,traditional  compassionate caring   ,9ebd36a4-eebe-eb11-a7ad-28187818aecc
1,tradition moeurs entraide sociale  ,6f1ed922-fec2-eb11-a7ad-28187818aecc
1,fierté chaleureux aimant aidant protecteur patriotique,c031ee03-a2c3-eb11-a7ad-28187818aecc
2,what we all should have sad    ,73a2c884-6dc4-eb11-a7ad-28187818aecc
1,its good could be beter     ,5be699c1-7ebd-eb11-a7ad-28187818aecc
2,choice     ,e5f6a7e4-7ebd-eb11-a7ad-28187818aecc
2,what is suppose to be done     ,8d91243c-fec2-eb11-a7ad-28187818aecc
1,canadian personality attributes   ,c073e428-fec2-eb11-a7ad-28187818aecc
2,personal well being     ,2e3f68c1-9bb9-eb11-a7ad-28187818aecc
1,"there is no such thing it is a myth obsessive usage of ""please"" and ""thank you""   ",4e5f9e78-eebe-eb11-a7ad-28187818aecc
1,comédie     ,cb215672-fec2-eb11-a7ad-28187818aecc
2,la base essentiel    ,85925296-7ebd-eb11-a7ad-28187818aecc
1,fort acceptable,b1ff4daa-eebe-eb11-a7ad-28187818aecc
1,crap shit    ,d32b5edf-9bb9-eb11-a7ad-28187818aecc
2,people duties privileges   ,d5745e66-fec2-eb11-a7ad-28187818aecc
2,hope not real privilege   ,35a40db6-a1c3-eb11-a7ad-28187818aecc
1,changed     ,d30ff721-7fbd-eb11-a7ad-28187818aecc
2,canada strong empowering deserving  ,8a3e2e58-eebe-eb11-a7ad-28187818aecc
1,what it means to be canadian     ,98a6d079-fec2-eb11-a7ad-28187818aecc
1,canada no no no no no,a6352034-7fbd-eb11-a7ad-28187818aecc
2,need it,d173e428-fec2-eb11-a7ad-28187818aecc
2,do i have a right where am i what colour am i wearing why am i here who am i with protect me dear lord,833b83fd-7ebd-eb11-a7ad-28187818aecc
2,solidarité     ,932d119e-eebe-eb11-a7ad-28187818aecc
1,canada peuple pays nation natif ,a91b5abb-7ebd-eb11-a7ad-28187818aecc
1,none own identity    ,0d313184-a2c3-eb11-a7ad-28187818aecc
1,appartenance   ,04fe69af-9bb9-eb11-a7ad-28187818aecc
1,unity pride    ,0de45760-fec2-eb11-a7ad-28187818aecc
1,pride     ,cca5d079-fec2-eb11-a7ad-28187818aecc
1,values of canadian     ,64274ef8-fdc2-eb11-a7ad-28187818aecc
1,pride     ,7f4246b0-eebe-eb11-a7ad-28187818aecc
1,traditional     ,fb4fcefe-fdc2-eb11-a7ad-28187818aecc
1,canadian loyalty     ,fb2b5edf-9bb9-eb11-a7ad-28187818aecc
1,proud     ,75274ef8-fdc2-eb11-a7ad-28187818aecc
1,proud helpfull    ,eccafed3-a1c3-eb11-a7ad-28187818aecc
2,safety lip service more talk than action have and havenots  ,5a6a5e4e-fec2-eb11-a7ad-28187818aecc
1,peace caring collaborative welcoming gracious strong,3b422e58-eebe-eb11-a7ad-28187818aecc
1,friendly peaceful    ,2b3f9f46-7fbd-eb11-a7ad-28187818aecc
1,loving peaceful light hearted faithful trusting helpful,3be1254c-eebe-eb11-a7ad-28187818aecc
1,information about canada peace    ,91a6d079-fec2-eb11-a7ad-28187818aecc
1,politesse ouverture d'esprit logique calme démocratie ,fa6091bc-eebe-eb11-a7ad-28187818aecc
2,they need protection government should do more individuals should do more   ,fe4246b0-eebe-eb11-a7ad-28187818aecc
1,mensonge élitismes    ,b9410d85-eebe-eb11-a7ad-28187818aecc
1,there are no canadian values same as most other democracies no others   ,bc303184-a2c3-eb11-a7ad-28187818aecc
1,freedom home ease   ,573e68c1-9bb9-eb11-a7ad-28187818aecc
2,being treated fairly fair wages access to clean drinking water   ,211121cd-fdc2-eb11-a7ad-28187818aecc
1,not taking care of our own others first taxes too high 3rd world covid hotspot only ontario matters,b4772646-eebe-eb11-a7ad-28187818aecc
1,worth financial health life produce earniny,c6ee654e-9bb9-eb11-a7ad-28187818aecc
1,kindness support health hockey community friendly,7b636fa8-fdc2-eb11-a7ad-28187818aecc
2,basic needs requirements water  ,34a5273a-eebe-eb11-a7ad-28187818aecc
2,importance ecoute changement modernisation santé mentale santé physique,f71b5abb-7ebd-eb11-a7ad-28187818aecc
1,democracy fairness freedom economic security health patriotism,8b19df16-fec2-eb11-a7ad-28187818aecc
2,liberté égalité besoins primaires santé sécurité protection,0d925296-7ebd-eb11-a7ad-28187818aecc
2,liberty freedom duty sacrifices basic needs responsibility,3a91243c-fec2-eb11-a7ad-28187818aecc
1,multiculturalism freedom healthcare   ,5e780f3c-9bb9-eb11-a7ad-28187818aecc
2,freedom basic all inclusive health essential,1d294ef8-fdc2-eb11-a7ad-28187818aecc
2,freedom basic needs health   ,c38e6da3-9bb9-eb11-a7ad-28187818aecc
2,free speech water shelter   ,a2e0254c-eebe-eb11-a7ad-28187818aecc
2,food safety shelter health freedom privacy,9e609c09-7fbd-eb11-a7ad-28187818aecc
2,ability to live without fear freedom to practice or not practice religion public safety an income where you can afford decent shelter and food access to quality education up to at least gr 12 ,7e4146b0-eebe-eb11-a7ad-28187818aecc
1,welcoming health nice free warmth marijuana,4761f6af-a1c3-eb11-a7ad-28187818aecc
2,equality fairness health jobs unfair ,283b83fd-7ebd-eb11-a7ad-28187818aecc
1,fairness sorry equity social help  ,bc782646-eebe-eb11-a7ad-28187818aecc
1,santé   économie   travail    parité     ,2209fb52-7fbd-eb11-a7ad-28187818aecc
1,diversity openness social land tourism health care,295f11af-7ebd-eb11-a7ad-28187818aecc
1,hockey inclusive apologetic health  ,7263fbd4-7ebd-eb11-a7ad-28187818aecc
2,food free health care / medicine free dentist religious practice  ,b2274ef8-fdc2-eb11-a7ad-28187818aecc
2,parole assemblée opinion éducation  ,2f5d56b6-eebe-eb11-a7ad-28187818aecc
2,breathing safety health   ,f13b83fd-7ebd-eb11-a7ad-28187818aecc
1,,25225672-fec2-eb11-a7ad-28187818aecc
1,immigration freedom democracy taking care of other cultural diversity ,131421cd-fdc2-eb11-a7ad-28187818aecc
2,abuse (in terms of imigrants abusing our system) demorcracy equality   ,c8a6d079-fec2-eb11-a7ad-28187818aecc
2,abuse refugee    ,5356286c-eebe-eb11-a7ad-28187818aecc
2,immigration responsibility    ,81e799c1-7ebd-eb11-a7ad-28187818aecc
1,care for each other society that welcomes immigrants work hard and be kind hockey good reputation around the world good governement,5caf05f2-9bb9-eb11-a7ad-28187818aecc
2,droits universels partout sur la planète terre     ,9e840d59-7fbd-eb11-a7ad-28187818aecc
1,multi-national tolerant giving listeners equality freedom,f77c66d3-9bb9-eb11-a7ad-28187818aecc
1,trusting dedicated dependable leaders path finders worldly,adbc36a4-eebe-eb11-a7ad-28187818aecc
1,tolerence cooperation equity diplomacy apology diversity,b0352034-7fbd-eb11-a7ad-28187818aecc
1,diverse welcoming peace keepers independent free negotiators,d7e2254c-eebe-eb11-a7ad-28187818aecc
1,strong personal important pride world renowned historical,c4a56d6b-a2c3-eb11-a7ad-28187818aecc
2,treated equally same recognize support freedoms amnesty,31430d85-eebe-eb11-a7ad-28187818aecc
2,"Chine les droits humains sont baffoués excision dans certaines parties de l'Afrique Palestine  versus Israel Haiti, les dirigeants volent le peuple cuba, les USA maintiennent embargo port du voile dans pays musulman",fbbd36a4-eebe-eb11-a7ad-28187818aecc
2,essential universal hard-won non-negotiable cherished international,14225672-fec2-eb11-a7ad-28187818aecc
2,united nation freedom liberty   ,d23f68c1-9bb9-eb11-a7ad-28187818aecc
1,liberté démocratie paix aide internationale  ,ce885dcd-9bb9-eb11-a7ad-28187818aecc
2,equality lack there of good working conditions good living conditions fortunate to live in canada third world countries,8aef654e-9bb9-eb11-a7ad-28187818aecc
2,united nations palestine  equity   ,773e2e58-eebe-eb11-a7ad-28187818aecc
1,inclusive multi cultural quietly pulls beyond its size not american tolerance ,d23d9f46-7fbd-eb11-a7ad-28187818aecc
2,international israel palestine china mexico usa,273d1e91-9bb9-eb11-a7ad-28187818aecc
2,onu paix joie   ,49b2a103-7fbd-eb11-a7ad-28187818aecc
1,universal healthcare gold medal (for international hockey) cultural mosiac expensive cellular kinder than the us citizens hockey is ours!!,fb0f6991-eebe-eb11-a7ad-28187818aecc
1,notre richesse nos valeurs nos aquis notre liberté  la francophonie  ,a5367471-a2c3-eb11-a7ad-28187818aecc
1,multicultralism bilingual being nice   ,685f11af-7ebd-eb11-a7ad-28187818aecc
1,leurre multiculturalisme anglophone pacifique  ,cc2d119e-eebe-eb11-a7ad-28187818aecc
1,sécurité démocratie bilinguisme accueil ouverture ,a994395e-eebe-eb11-a7ad-28187818aecc
1,kindness tolerance diversity bilingual immigrants success,8d037ff7-7ebd-eb11-a7ad-28187818aecc
2,equality freedom safety justice peace fairness,bd3a83fd-7ebd-eb11-a7ad-28187818aecc
2,equality fair treatment freedom legislation not followed by government violations,db74e428-fec2-eb11-a7ad-28187818aecc
2,entitlement freedoms    ,e184d546-6ec4-eb11-a7ad-28187818aecc
2,freedom to do what is legal     ,8c09fb52-7fbd-eb11-a7ad-28187818aecc
1,fair just inclusive equity h h,fb5a179d-6dc4-eb11-a7ad-28187818aecc
2,equality justice fairness tolerance acceptance peace,925519d3-fdc2-eb11-a7ad-28187818aecc
2,equality fairness justice all basic mandatory,990da221-eebe-eb11-a7ad-28187818aecc
2,equality fairness justice commonality  ,e76291bc-eebe-eb11-a7ad-28187818aecc
2,equality justice freedom privacy healthcare safety,43609c09-7fbd-eb11-a7ad-28187818aecc
1,social safety net health care freedom equality peace order,ea3e68c1-9bb9-eb11-a7ad-28187818aecc
2,housing wages police   ,7f51a77e-eebe-eb11-a7ad-28187818aecc
2,justice égalité dignité universel liberté démocratie,9d3c22c1-fdc2-eb11-a7ad-28187818aecc
2,dignity for all justice for all democracy   ,143f9f46-7fbd-eb11-a7ad-28187818aecc
2,justice equality freedom prosperity safety security,7ca4273a-eebe-eb11-a7ad-28187818aecc
2,liberté égalité paix justice  ,5d5c366b-36c5-eb11-a7ad-28187818aecc
1,charter of rights and freedoms freedom support for the group good government equality equity,e88e70b5-9bb9-eb11-a7ad-28187818aecc
2,liberté justice collectivité démocratie équité vie,e3fb0abb-fdc2-eb11-a7ad-28187818aecc
2,freedom to say what you think follow the law people of all color are the same   ,de2a5edf-9bb9-eb11-a7ad-28187818aecc
2,liberté personne lois,061c5abb-7ebd-eb11-a7ad-28187818aecc
2,to be free to carry on with life without restrictions to live life to be able to do what we wish and follow the law   ,207d66d3-9bb9-eb11-a7ad-28187818aecc
2,constitution charter free speech my choice my body canadian,49d7d615-7fbd-eb11-a7ad-28187818aecc
2,life freedom security protected charter god-given,2bd12b40-eebe-eb11-a7ad-28187818aecc
2,liberté charte    ,1009d666-9bb9-eb11-a7ad-28187818aecc
2,justice fairness equality protection  ,086291bc-eebe-eb11-a7ad-28187818aecc
2,justice equality fairness empathy  ,66284ef8-fdc2-eb11-a7ad-28187818aecc
2,fair justice equal law order uno,d23a83fd-7ebd-eb11-a7ad-28187818aecc
1,honest fair law abiding helping  ,6d7b086c-7fbd-eb11-a7ad-28187818aecc
2,charter canada fairness   ,4b114fb9-fcc2-eb11-a7ad-28187818aecc
2,justice equality    ,b956286c-eebe-eb11-a7ad-28187818aecc
2,equality justice systemic reformation   ,5cef654e-9bb9-eb11-a7ad-28187818aecc
1,justice chance egale possibilite ameliorer son sort   ,6cfbfafd-9bb9-eb11-a7ad-28187818aecc
2,devoirs égalité privilège législation chance espoir,b3d31e8b-9bb9-eb11-a7ad-28187818aecc
1,égalité justice partage paix sécurité politesse,fe3d68c1-9bb9-eb11-a7ad-28187818aecc
1,law order and good government     ,7c51cefe-fdc2-eb11-a7ad-28187818aecc
2,constitution     ,b0659b65-7fbd-eb11-a7ad-28187818aecc
2,chartre des droits  et liberté ,17e4e4eb-9bb9-eb11-a7ad-28187818aecc
2,charter of rights     ,ac8c6da3-9bb9-eb11-a7ad-28187818aecc
2,canadian charter canada values morales  ,89114fb9-fcc2-eb11-a7ad-28187818aecc
1,god save the queen law order   ,82a6d079-fec2-eb11-a7ad-28187818aecc
1,peace order democracy   ,04dcec0e-fdc2-eb11-a7ad-28187818aecc
1,multiculturalism freedom kind equality public justice,2879e854-9bb9-eb11-a7ad-28187818aecc
2,sécurité besoins essentiels justice   ,ab26277f-9bb9-eb11-a7ad-28187818aecc
2,laws equality fairness shelter food medical care,dcb1f7eb-a1c3-eb11-a7ad-28187818aecc
2,"fairness, legal representation, access to health care and proper nutrition     ",7fd56853-a2c3-eb11-a7ad-28187818aecc
1,rule of law compassion freedom polite patriotic  citizens of the world,a46a5e4e-fec2-eb11-a7ad-28187818aecc
2,justice freedom safety security unity modern world,a41221cd-fdc2-eb11-a7ad-28187818aecc
2,liberté charte universelle équitable onu gouvernement,f9a31633-fdc2-eb11-a7ad-28187818aecc
1,common law britanique unilinguisme anglais multiculturalisme extrême   ,d5215672-fec2-eb11-a7ad-28187818aecc
1,friendly kind accepting united tim hortons polite,a74cce6c-9bb9-eb11-a7ad-28187818aecc
1,canadian product     ,ef514d7e-fdc2-eb11-a7ad-28187818aecc
1,gentillesse ouverture amical anglais hockey nord,17d597ce-7ebd-eb11-a7ad-28187818aecc
1,togetherness even maple leaf integrity kindness one,b87c66d3-9bb9-eb11-a7ad-28187818aecc
2,freedom choice not having a choice scared  ,a44dce6c-9bb9-eb11-a7ad-28187818aecc
2,not fair they are cross checked    ,9090243c-fec2-eb11-a7ad-28187818aecc
2,minorities non responsible people looking for money whiners  ,bd659b65-7fbd-eb11-a7ad-28187818aecc
1,worthless broke    ,7ea4273a-eebe-eb11-a7ad-28187818aecc
1,nice kind diverse too compromising open hearted ignorant,1860739c-7ebd-eb11-a7ad-28187818aecc
1,polite passionate kind aggressive generous boastful,3561f6af-a1c3-eb11-a7ad-28187818aecc
2,some times good some times bad     ,d0695e4e-fec2-eb11-a7ad-28187818aecc
2,right thing to do not correct in certain conditions poor judgy incorrect statement false arguments,e4cf8c28-a2c3-eb11-a7ad-28187818aecc
1,lost     ,aa1ee35a-9bb9-eb11-a7ad-28187818aecc
1,question mark (ie what does that even mean?) outdated old fashioned   ,2925277f-9bb9-eb11-a7ad-28187818aecc
2,illusion ideal    ,c66bffe5-a1c3-eb11-a7ad-28187818aecc
2,used too much     ,64840d59-7fbd-eb11-a7ad-28187818aecc
1,no words come to mind too humble cowards   ,4a09fb52-7fbd-eb11-a7ad-28187818aecc
2,poor bad none   ,fffbfafd-9bb9-eb11-a7ad-28187818aecc
2,"fad mumbojumbo blah, blah and more of the same is this me or just stale joke ok something else?",952261d9-9bb9-eb11-a7ad-28187818aecc
1,torn apart     ,4c8b6da3-9bb9-eb11-a7ad-28187818aecc
1,bafouée trahison hypocrisie   ,4e41e80f-a2c3-eb11-a7ad-28187818aecc
1,ça me fait chier     ,b61b8f40-7fbd-eb11-a7ad-28187818aecc
2,everybody is entitled to them world wide    ,26367471-a2c3-eb11-a7ad-28187818aecc
1,"lies cheats scams canadian vacations canadian products and investment buy local, municipal, provincial or federal, buy canadian",4392243c-fec2-eb11-a7ad-28187818aecc
1,lies hypocrisy subjective middle class domination dominating presumptuous,65fbfafd-9bb9-eb11-a7ad-28187818aecc
2,everyone entitled hard to get    ,189270b5-9bb9-eb11-a7ad-28187818aecc
2,illogical stupid    ,9e782646-eebe-eb11-a7ad-28187818aecc
1,bad cunning dumb poopy bad not good,8432ed2d-eebe-eb11-a7ad-28187818aecc
2,weak individuals     ,6f72e428-fec2-eb11-a7ad-28187818aecc
1,"argent, pouvoir liberté ressources égalité aucune autre réponse",509f5f5a-fec2-eb11-a7ad-28187818aecc
1,honestly kindness integrity earthy polite warm,a54146b0-eebe-eb11-a7ad-28187818aecc
1,apologetic kind nice cold strong gentle,b45e9c09-7fbd-eb11-a7ad-28187818aecc
1,equality opporunity free healthcare the kindest people on the planet hockey powerhouse all seasons,cbe0254c-eebe-eb11-a7ad-28187818aecc
1,équité santé éducation générosité programmes sociaux environnement,ba762646-eebe-eb11-a7ad-28187818aecc
2,"equality safe environment quality of life access to health care, education, training  ",4ebd36a4-eebe-eb11-a7ad-28187818aecc
1,equality french outdoorsy democracy freedom kindness,eb5f9e78-eebe-eb11-a7ad-28187818aecc
1,freedom equality nature   ,d80aa221-eebe-eb11-a7ad-28187818aecc
1,honesty friendliness being polite hockey nature tolerance,fc08fb52-7fbd-eb11-a7ad-28187818aecc
1,diversity conservation equality value  ,b9871891-6dc4-eb11-a7ad-28187818aecc
1,égalité environnement entraide   ,09cbfed3-a1c3-eb11-a7ad-28187818aecc
1,equality safety peace polite nature democracy,eb430d85-eebe-eb11-a7ad-28187818aecc
1,kindness hardworking polite nature lovers helpful generous,2f5e9c09-7fbd-eb11-a7ad-28187818aecc
1,multicultural acceptance politeness environmental awareness   ,c53d1e91-9bb9-eb11-a7ad-28187818aecc
1,environment caring compassionate diverse quiet polite,8ee799c1-7ebd-eb11-a7ad-28187818aecc
1,the environment equality polite healthcare sports like hockey and curling freedom,79b005f2-9bb9-eb11-a7ad-28187818aecc
1,nature liberté santé éducation planète postes,deeccb65-eebe-eb11-a7ad-28187818aecc
1,religion santé éducation emploi environnement ,12f3eff1-a1c3-eb11-a7ad-28187818aecc
2,clean air clean water safety transportation economy health,673c83fd-7ebd-eb11-a7ad-28187818aecc
2,liberte justice logement abordable avoir les moyens de ce nourrir environnement sain ,67cd6b4d-a2c3-eb11-a7ad-28187818aecc
2,santé justice education climat infracture ainés,410f6991-eebe-eb11-a7ad-28187818aecc
2,equality egalitarianism fundamental   ,f256286c-eebe-eb11-a7ad-28187818aecc
1,pacifisme démocratique égalitaire progressisme innovant capable de faire des compromis,c6a37620-6ec4-eb11-a7ad-28187818aecc
1,"compassionate friendly small ""c"" conservative caring independent innovative",71a6d079-fec2-eb11-a7ad-28187818aecc
1,"open minded friendly and accepting caring balance and centrist multi-cultural north american, but not american",4c72e428-fec2-eb11-a7ad-28187818aecc
1,"none it's all about personal rights :( i can do what i want, they can't tell me what to do :( it's against my human rights :( the govt are corrupt :( i disagree with everything they say",b209fb52-7fbd-eb11-a7ad-28187818aecc
1,mensonge corruption    ,caeccb65-eebe-eb11-a7ad-28187818aecc
1,equality culture poor economy slow acting government mini usa irrelevant,1adcec0e-fdc2-eb11-a7ad-28187818aecc
1,kind apologetic multicultural socialist forward-thinking expansive,41619c09-7fbd-eb11-a7ad-28187818aecc
2,freedom inalienable democracy liberal invaluable dignity,69521a97-6dc4-eb11-a7ad-28187818aecc
1,diversity freedom fair social liberal high tax,56ff301c-a2c3-eb11-a7ad-28187818aecc
1,liberté égalité fraternité socialisme entraide individualisme,dd2a5edf-9bb9-eb11-a7ad-28187818aecc
1,fairness equality socialism caring sharing ,f73d9f46-7fbd-eb11-a7ad-28187818aecc
1,fair inclusive strong not evident in our pm  ,67755e66-fec2-eb11-a7ad-28187818aecc
1,conservative liberal accepting welcomong friendly apologetic,e58d6da3-9bb9-eb11-a7ad-28187818aecc
2,problem no intéres by most politic organisation    ,da6091bc-eebe-eb11-a7ad-28187818aecc
1,communism     ,5b609e78-eebe-eb11-a7ad-28187818aecc
1,conservatism     ,a134fed9-a1c3-eb11-a7ad-28187818aecc
1,liberal bullshit     ,b951a77e-eebe-eb11-a7ad-28187818aecc
1,political views national pride    ,10669b65-7fbd-eb11-a7ad-28187818aecc
1,friendly medicare mosaic helpful concerned for others political,a13d9f46-7fbd-eb11-a7ad-28187818aecc
2,liberals (democrats in usa) long way to go politics is a very large part of the problem   ,ef745e66-fec2-eb11-a7ad-28187818aecc
1,français trudeau confiance   ,d0f2eff1-a1c3-eb11-a7ad-28187818aecc
1,corruption became a communist country led by dictators does not listen to tax payers gone to hell in a handbasket giving up hope,4d8260c7-9bb9-eb11-a7ad-28187818aecc
1,spineless kowtowing to quebec screw the west pay off atlantic canada ontario does whatever toronto says the pm is an elected dictator,cd51a77e-eebe-eb11-a7ad-28187818aecc
2,bias people dictators unreliable politicians money merciless refugee,fb8e70b5-9bb9-eb11-a7ad-28187818aecc
1,absent corrupted fairness overpowered by greed selfishness truth overpowered by deceit and lies(particularly in politics)s) lack of integrity(particularly in politics) ,94a6d079-fec2-eb11-a7ad-28187818aecc
1,weak all political control   ,7cb699ae-fdc2-eb11-a7ad-28187818aecc
1,weak always choosing the middle ground we don't have any too middle of the road let anyone into our country truedeau,fdfbfafd-9bb9-eb11-a7ad-28187818aecc
1,conservatrices blanc fermé libre équité benevolat,c386ee0a-fec2-eb11-a7ad-28187818aecc
2,respect de tous et toutes droit de pratiquer sa religion en privé sans s’afficher publiquement droit d’utiliser sa langue maternelle tout en maîtrisant le français respect de l’orientation sexuelle respect des valeurs de tous droit à l’instruction pour tout le monde,b59a735f-a2c3-eb11-a7ad-28187818aecc
2,respect liberté d’expression liberté de mouvement égalité justice droits fondamentaux,0fcba234-6ec4-eb11-a7ad-28187818aecc
2,equality rights wage gap   ,1857148b-6dc4-eb11-a7ad-28187818aecc
2,sécurité physique santé accès à l'eau liberté de mouvement liberté d'expression éducation,06b11028-7fbd-eb11-a7ad-28187818aecc
2,"freedom of speech democratic rights pursuit of liberty, happiness right to protest object to obsessive government and police control freedom to choose how i live and conduct my life",0bfcfafd-9bb9-eb11-a7ad-28187818aecc
2,persecution of political opponents slave labor human trafficking religious persecution imprisonment without trial curtailment of free speech,eb84d546-6ec4-eb11-a7ad-28187818aecc
2,equality freedom speach freedom of movement inclusion disabilities ,10cbe610-fec2-eb11-a7ad-28187818aecc
2,freedom of speech freedom of vote freedom of religion freedom of gender freedom of work freedom of travel,6df7a7e4-7ebd-eb11-a7ad-28187818aecc
1,colonialism exploitation genocide labor theft / capitalism american client state laughable fiction,dfffee33-eebe-eb11-a7ad-28187818aecc
1,safety support care diversity indigenous genocide annoying,e1a30db6-a1c3-eb11-a7ad-28187818aecc
2,racism homophobia abuse elder abuse  ,d8659b65-7fbd-eb11-a7ad-28187818aecc
1,"it allows it to be vandalized and destroyed by muslims too toleranton our money from taxes muslims live on welfare and old canadians do not have good living conditions in home care i live near sunnybrook park muslims gather and do bbq while we are in lock down leave dirt on the grass and i'll pick them up the municipality sees them because i see the car with 311 on it patrolling, and it doesn't tell them anything we now call the park: the persian park i'm white, but i'm working and we're starting to be afraid to say anything because we're accused of being racist we have become slaves to minorities who have no sense of reality",11352034-7fbd-eb11-a7ad-28187818aecc
2,for some not all against white people for canada’s first residents given to refugees discrimination unfair,6952939b-36c5-eb11-a7ad-28187818aecc
2,martin luther king pierre elliot trudeau charte de la liberté george floyd assermentation réfugiés,1ab2a103-7fbd-eb11-a7ad-28187818aecc
2,"all humans should have the same rights, and not just related to coloured people     ",e64246b0-eebe-eb11-a7ad-28187818aecc
2,equality fair care for all compensation gender equality human,17021621-fdc2-eb11-a7ad-28187818aecc
2,"equality among races, genders, sexual identity public health care, education, adequate housing dignity and safety of all people care of the vulnerable safe communities strong democracy",b14246b0-eebe-eb11-a7ad-28187818aecc
2,freedom speech safety protection protesting equality,04b699ae-fdc2-eb11-a7ad-28187818aecc
2,"vital to a healthy democracy i wish more people would be more positive not enough regard generally in upper society private enterprise should ne more engaged big gap between rich and poor i'm lucky to be a white, middle-class canadian",7ee06766-6ec4-eb11-a7ad-28187818aecc
2,injustice     ,c2367471-a2c3-eb11-a7ad-28187818aecc
2,all lives matter     ,0ca9ec7f-fec2-eb11-a7ad-28187818aecc
2,same sex     ,e73e1e91-9bb9-eb11-a7ad-28187818aecc
2,protected grounds     ,fa3a83fd-7ebd-eb11-a7ad-28187818aecc
2,color race handicap refuge immigratin rich vs poor,24bd36a4-eebe-eb11-a7ad-28187818aecc
1,multiculturalisme bilinguisme laicité équité féministe équité,ec7ba6ea-fcc2-eb11-a7ad-28187818aecc
2,dignité justice logement travail santé démocratie,231b8f40-7fbd-eb11-a7ad-28187818aecc
2,bill of rights should be guaranteed no vaccine passports no vaccine abused system did natives get human rights ?,7e54286c-eebe-eb11-a7ad-28187818aecc
1,cela n'existe pas a-plat-ventrisme mou sans fierté accepter n'importe quoi wokisme,08fbf21b-7fbd-eb11-a7ad-28187818aecc
2,"lawyers activists grievance mongers abuse university courses stating with ""studies"" ",52a6d079-fec2-eb11-a7ad-28187818aecc
1,"the basis of making this country great a country has to be founded on and stand for something disappearing due to 'political correctness' being compromised by those who stand for nothing principally based on white, anglo-saxon values people who want to be canadian should be prepared to endorse, respect and live canadian values",146291bc-eebe-eb11-a7ad-28187818aecc
1,freedom better than the americans a little too white for my liking native rights no prejudice conservative,7bfcfafd-9bb9-eb11-a7ad-28187818aecc
2,la chine non respect covid mesures trop longues covid gouv fédéral pas fermé frontières assez tôt fausses informations langue femmes,09b11028-7fbd-eb11-a7ad-28187818aecc
1,stupid nazi bollocks gay people weed penis suckers,0b294ef8-fdc2-eb11-a7ad-28187818aecc
2,equality advocation gay rights gender equality holocaust indigineous,fa1a4c72-fdc2-eb11-a7ad-28187818aecc
2,government women’s rights fighting for rights the country human ours,42c21705-36c5-eb11-a7ad-28187818aecc
2,social justice equality feminism racial injustice gender and sexuality rights freedom of religion and expression,550ca221-eebe-eb11-a7ad-28187818aecc
2,equality feminism lgbtq access rights decency,8e8008d8-fcc2-eb11-a7ad-28187818aecc
2,reproductive rights lgbt rights minority rights women's rights  ,4a5e4e90-7ebd-eb11-a7ad-28187818aecc
2,right of free speech refugees religious freedom separation of church and state fairness to all women's rights,c5d7d615-7fbd-eb11-a7ad-28187818aecc
2,discrimination conflict need to improve equality lgbt rights racisim,324ece6c-9bb9-eb11-a7ad-28187818aecc
2,anti-racism fairness to all rights to protect the unborn the me too movement gender bias equal pay for work of equal value,da7c66d3-9bb9-eb11-a7ad-28187818aecc
2,social justice martin luther king jnr universal right  ,e697f315-a2c3-eb11-a7ad-28187818aecc
2,gay rights women's rights gender equality in the workplace respect for all citizens preventing mistreatment of minority groups ,7e09fb52-7fbd-eb11-a7ad-28187818aecc
2,womens rights lgbtq    ,944ece6c-9bb9-eb11-a7ad-28187818aecc
2,equality legeslature black rights  equal housing no stoning free water,d4faf21b-7fbd-eb11-a7ad-28187818aecc
1,démocratie bilinguisme droits individuels protégés terre d’opportunités innovation justice sociale,32d23b42-fec2-eb11-a7ad-28187818aecc
2,black lives matter respect unjust racist blown out of proportion draining,825f11af-7ebd-eb11-a7ad-28187818aecc
2,equality dignity respect gender race sexuality,f14f538a-fdc2-eb11-a7ad-28187818aecc
1,respect des autres égalité entraide justice sociale multiculturalisme inclusion,5a9811d9-fdc2-eb11-a7ad-28187818aecc
1,démocratie respect des autres partage justice sociale soins de santé gratuits qualité de vie,f85500f8-9bb9-eb11-a7ad-28187818aecc
2,feminism progress evolution restitution justice respect,9b97f315-a2c3-eb11-a7ad-28187818aecc
1,racisme envers autochtones multiculturalisme a outrance non respect du quebec (bashing) abris fiscaux  ,29647565-a2c3-eb11-a7ad-28187818aecc
2,black lives matter i can’t breathe pride systemic racism  ,b56291bc-eebe-eb11-a7ad-28187818aecc
2,lgbtq+ autochtones racisme systémique réfugiés personnes racisées blm,705e9c09-7fbd-eb11-a7ad-28187818aecc
2,charter of rights and freedoms aboriginal right and title discrimination racism gender equality tax the rich,5eb005f2-9bb9-eb11-a7ad-28187818aecc
2,whining leftists special priviliges for anyone but white males getting fucked over gain overblown bullshit reverse discrimination all lives matter,66840d59-7fbd-eb11-a7ad-28187818aecc
2,nessasary vital humanity anti-slavery prolife christian,a22261d9-9bb9-eb11-a7ad-28187818aecc
2,feminism colonialism starvation freedom equality ,c071e428-fec2-eb11-a7ad-28187818aecc
2,"equal pay for equal work no bias on the basis of race, religion, sexual orientation    ",e4af05f2-9bb9-eb11-a7ad-28187818aecc
1,non violent non racist non homophobe appolagetic hockey ,9b685e4e-fec2-eb11-a7ad-28187818aecc
1,indigenous values covid 19 health education violence blm,bbe35760-fec2-eb11-a7ad-28187818aecc
2,refugiés minorité multiculturalisme musulmans non binaire racisés,6e0f6991-eebe-eb11-a7ad-28187818aecc
2,social justice lgbtq+ diversity feminism anti-racism the hague,5656286c-eebe-eb11-a7ad-28187818aecc
2,people entitlement race police black lives matter church,ff3d9f46-7fbd-eb11-a7ad-28187818aecc
1,'politeness' nature-oriented indigenous genocide stealing land  ,dc524d7e-fdc2-eb11-a7ad-28187818aecc
2,equality black lives matter equal opportunity values dignity commision,c68c6da3-9bb9-eb11-a7ad-28187818aecc
2,"bull shit he has to have a broad definition h r does not mean demonstrations causing chaos hr is not just about colored people, its about all mankind discretion has to be used to check if it is about hr in the name of hr, more atrocities are practiced by groups with vested interests",81bd36a4-eebe-eb11-a7ad-28187818aecc
1,freedom kindness multi-cultural welcoming reconciliation indigenous,c171e428-fec2-eb11-a7ad-28187818aecc
2,equality black lives matter justice   ,190ca221-eebe-eb11-a7ad-28187818aecc
2,privilège acquis inégalité société combat espoir,80eccb65-eebe-eb11-a7ad-28187818aecc
1,multiculturalism indigeneity peace   ,a8ddec0e-fdc2-eb11-a7ad-28187818aecc
2,feminist women    ,0174e428-fec2-eb11-a7ad-28187818aecc
2,anti-terrorism lgbt refugees poverty refugees skilled and educated refugees human refugees muslim refugees,7461739c-7ebd-eb11-a7ad-28187818aecc
2,equality freedom justice peace liberty social justice,ca420d85-eebe-eb11-a7ad-28187818aecc
1,social justice honesty helpfulness fairness collective good diversity,c9352034-7fbd-eb11-a7ad-28187818aecc
2,ethnicité egalité esprit de partage différence justice partage,ed215672-fec2-eb11-a7ad-28187818aecc
2,blm china defund the police hong kong north korea myanmar,055d56b6-eebe-eb11-a7ad-28187818aecc
2,bafoués nécessaires charte conventions autochtones abus,817ad272-9bb9-eb11-a7ad-28187818aecc
2,race gender canada equal humans rights,3f3f2e58-eebe-eb11-a7ad-28187818aecc
2,iniquité afrique femmes famine pauvreté égoïsme,1f6191bc-eebe-eb11-a7ad-28187818aecc
2,abuse of power abuse we should all be equal not 1 law for white 1 law for french 1 law for aboriginal  ,cd745e66-fec2-eb11-a7ad-28187818aecc
2,vets before immigrants all lives matter looting and burning people looking for attention change our country whites are becoming a minority,b6659b65-7fbd-eb11-a7ad-28187818aecc
1,nothing the outdoors not indigenous peoples   ,0461f6af-a1c3-eb11-a7ad-28187818aecc
1,anglais hydro sirop forêts hiver autochtones,5094395e-eebe-eb11-a7ad-28187818aecc
2,certain parties support keeping human rights from certain groups indigenous people lgbtq+ racialized communities unhoused people ,bc534d7e-fdc2-eb11-a7ad-28187818aecc
2,"equality justice conflict going too far with non-binary, trans, etc biology trumps psychology give way to safety - vaccination to work, travel, school",116391bc-eebe-eb11-a7ad-28187818aecc
1,liberalism pro abortion pro gay marriage pro transexual multicultural authoritarian,fae1254c-eebe-eb11-a7ad-28187818aecc
